repository	destination	source_commit	source_tree	collision_policy
development	.	4cc1115d9a1fa9d7219f9f5a5d7d3886586ecb92	6ff06ebe4076d8762d503b63d23fab39601aeeb9	root
root	.	0aceb4bfd72065861638130c5e5e78b9b25cc517	a46f084fc874ff543476fe177192a75842390511	project-contract-overlay
core	core	e424cddcc45a9996a098653472d894c4719f99da	4a7c2c8f75f03376c3d0ea454f05a5d57155901c	clear
core-development	core-development	aed67e0a918d7c95eb0f0b4eff70a0f3314a72c2	676ca65c78c7cff7e2e34e18e62b99a5f80101fb	clear
plugin-dns-cloudflare	plugin-dns-cloudflare	f6cfe08a05f212fbdaef48b597b968f37ae4e207	c9f024ed36de874dd672369d0d2a84ea79a6b867	clear
plugin-dns-cloudflare-development	plugin-dns-cloudflare-development	2105ca55fd18f3fafb47454a80c8b7fcae2c98f1	a4d60cd9dd06e740dd63eef75a717544c1427779	clear
plugin-external-urls	plugin-external-urls	3b9405acec470a05344bd096bc85a6fd36af4ce7	50de2b20910794ff365973d5a03bb173554018a5	clear
plugin-external-urls-development	plugin-external-urls-development	04ee2d6cbb3d3cfc39a87b79120891ee33afad8f	11f72eee3857979d8e89b4df58ecc6f46c8501aa	clear
verification	verification	930b5a4620368b4d698fa2e9b251004f5d15155d	7de278ff3fb3274f69e8862330dacac9ad269d35	candidate-verification-overlay
examples	examples	0ccd3508ff96f02898ecde85de5b172e4ea4ac29	9f20110dc5cb84d9ed8a12bd4c2e5bad046df595	clear
specification	specification	6519e53c68b531b8569bd91636fdc6b78afc4e38	183b82b443ca45aed4e074813b51b20caef0d193	clear
